{"test": 10, "co0000295": 73099830.44444445, "co0707720": 275649738.0, "co0713706": 156916846.6, "co0716429": 451183391.0, "co0716428": 451183391.0, "co0633374": 183750281.625, "co0716427": 451183391.0, "co0716430": 451183391.0, "co0716426": 451183391.0, "co0550569": 244006584.9, "co0681731": 451183391.0, "co0679238": 187011049.75, "co0231996": 14820232.555555556, "co0225823": 9818790.5, "co0418337": 1226376735.0, "co0007355": 405410531.0, "co0501830": 10925.0, "co0321447": 1552336588.0, "co0353335": 201485407.0, "co0575792": 25948636.0, "co0513753": 18150761.0, "co0366444": 25948636.0, "co0057860": 118859642.0, "co0492825": 88786016.0, "co0147162": 4670764501.0, "co0452101": 1905483366.0, "co0642497": 579330426.0, "co0642498": 579330426.0, "co0563005": 1944408663.0, "co0642499": 579330426.0, "co0176310": 5297472777.0, "co0603957": 3653641435.0, "co0679451": 1473518996.0, "co0678362": 956171612.0, "co0316267": 1762370061.0, "co0061162": 4541954383.0, "co0594877": 3719434139.0, "co0005849": 1107590241.0, "co0227523": 2296868261.0, "co0240463": 1198242469.0, "co0281534": 3812272008.0, "co0072847": 1362219083.0, "co0165760": 3354544501.0, "co0329296": 155091662.0, "co0050868": 10707035262.0, "co0630951": 309328264.0, "co0242075": 17608330967.0, "co0357632": 11234165335.0, "co0271257": 18792477819.0, "co0547081": 10267261756.0, "co0811162": 8947023237.0, "co0110101": 9331660058.0, "co0097402": 11535669342.0, "co0150829": 10954878611.0, "co0183709": 11557583150.0, "co0209825": 16153666252.0, "co0451229": 18535797575.0, "co0476953": 9300279526.0, "co0620390": 1490729076.0, "co0115441": 6918971246.0, "co0795863": 6048211364.0, "co0137851": 10519382090.0, "co0514746": 517795454.0, "co0574101": 71850258.0, "co0659173": 2145475249.0, "co0487419": 304871901.0, "co0368653": 2505215316.0, "co0338513": 1460566489.0, "co0284919": 151051715.0, "co0497567": 511407273.0, "co0539869": 631762089.0, "co0700891": 154548057.0, "co0764011": 919150965.0, "co0764012": 48825526.0, "co0133530": 985298433.0, "co0679186": 48825526.0, "co0530439": 142785899.0, "co0764013": 48825526.0, "co0632394": 928040622.0, "co0764014": 48825526.0, "co0764015": 48825526.0, "co0764016": 48825526.0, "co0764017": 48825526.0, "co0764018": 48825526.0, "co0764019": 48825526.0, "co0764020": 48825526.0, "co0764010": 48825526.0, "co0679187": 48825526.0, "co0415534": 365936341.0, "co0015592": 821227794.0, "co0173285": 6530211710.0, "co0058792": 8998619574.0, "co0095836": 718940437.0, "co0242091": 1728892621.0, "co0220551": 3116856900.0, "co0623800": 624273250.0, "co0629395": 14523943438.0, "co0738208": 128761583.0, "co0099734": 1512488941.0, "co0600785": 171842321.0, "co0228071": 744938802.0, "co0700252": 26646353.0, "co0002663": 14402763813.0, "co0159111": 8460120382.0, "co0562497": 4284576085.0, "co0176630": 566652812.0, "co0041079": 9350475265.0, "co0484138": 17926914312.0, "co0236298": 7583829484.0, "co0370614": 8200844889.0, "co0585791": 1701912173.0, "co0042829": 4442640256.0, "co0568954": 1751611267.0, "co0423337": 72231731.0, "co0716435": 42140994.0, "co0538430": 600747866.0, "co0436553": 113528974.0, "co0680758": 130788763.0, "co0024879": 2025815581.0, "co0296721": 1980778975.0, "co0291948": 1017688284.0, "co0772144": 42140994.0, "co0238753": 75181779.0, "co0641078": 45519382.0, "co0419462": 89077771.0, "co0367840": 171469331.0, "co0804141": 858751038.0, "co0514744": 8564183.0, "co0061630": 898956239.0, "co0531627": 2636863.0, "co0004276": 172497300.0, "co0281336": 66059.0, "co0738332": 39599.0, "co0086125": 863917.0, "co0626248": 377759889.0, "co0632525": 10935444.0, "co0134710": 1012011321.0, "co0158672": 2525919202.0, "co0209560": 132426590.0, "co0292909": 4801365704.0, "co0592654": 31918573.0, "co0295024": 281756454.0, "co0592655": 31918573.0, "co0167059": 234055541.0, "co0043365": 6945145794.0, "co0409999": 42970000.0, "co0208796": 2606740554.0, "co0658294": 3682567573.0, "co0495184": 1006000373.0, "co0656084": 1570317951.0, "co0764604": 870325439.0, "co0608956": 1147473732.0, "co0764605": 870325439.0, "co0518553": 6004848168.0, "co0657994": 870325439.0, "co0647177": 1044643382.0, "co0657995": 870325439.0, "co0657997": 870325439.0, "co0657996": 870325439.0, "co0532976": 938273019.0, "co0264223": 969807466.0, "co0166527": 217267384.0, "co0634845": 5226386948.0, "co0582510": 572809789.0, "co0661684": 871373087.0, "co0438076": 6616978013.0, "co0649205": 903550093.0, "co0556042": 1829555194.0, "co0080502": 1599175929.0, "co0256847": 82799963.0, "co0086123": 1845181020.0, "co0035339": 69031420.0, "co0023400": 10943397281.0, "co0004265": 2366639513.0, "co0071240": 5368767243.0, "co0594959": 245623848.0, "co0308205": 730654766.0, "co0176154": 1605816446.0, "co0375756": 730681568.0, "co0049961": 1081623179.0, "co0594958": 245623848.0, "co0164264": 11692463554.0, "co0020442": 7462172895.0, "co0014703": 11553400205.0, "co0350116": 5360123351.0, "co0064457": 10357818203.0, "co0097404": 10758618236.0, "co0375364": 10411785562.0, "co0043417": 11017753289.0, "co0113995": 10820521123.0, "co0015307": 10894541793.0, "co0722792": 5606003934.0, "co0125971": 7760476598.0, "co0297627": 10847346901.0, "co0313320": 12361678842.0, "co0474968": 5791324709.0, "co0724460": 5717961859.0, "co0239007": 617200258.0, "co0338169": 80059631.0, "co0015970": 278811522.0, "co0364463": 6411298576.0, "co0288044": 20996.0, "co0155133": 2171232923.0, "co0188043": 2504465.0, "co0251039": 1602999551.0, "co0146908": 433951307.0, "co0130376": 7467134799.0, "co0117723": 6349506822.0, "co0238206": 4847276426.0, "co0422223": 1709479229.0, "co0173746": 4997138180.0, "co0091477": 2451642994.0, "co0386793": 1104054072.0, "co0009119": 9419048038.0, "co0447557": 7800088650.0, "co0175748": 7922326683.0, "co0277788": 2189834708.0, "co0113352": 10358925625.0, "co0488152": 7224019492.0, "co0327200": 10654587067.0, "co0111142": 7891901133.0, "co0187754": 9793144361.0, "co0097405": 10566424812.0, "co0350163": 9793144361.0, "co0327289": 10992961926.0, "co0361039": 10029941508.0, "co0349750": 9639148633.0, "co0168807": 9423560772.0, "co0173912": 12413733833.0, "co0350060": 9378092408.0, "co0130609": 16376092601.0, "co0187695": 9860507093.0, "co0423006": 10562459526.0, "co0060381": 11506421689.0, "co0453999": 9204596091.0, "co0488997": 10038476927.0, "co0348042": 7163782754.0, "co0000689": 11699026446.0, "co0591004": 5220981994.0, "co0106022": 6395596363.0, "co0201128": 6840783374.0, "co0142164": 9292192951.0, "co0820547": 7124374698.0, "co0112383": 10408422877.0, "co0152009": 10944889667.0, "co0005073": 11012714547.0, "co0080717": 3807134.0, "co0697748": 197677109.0, "co0484539": 64626557.0, "co0671338": 22774256.0, "co0632634": 22774256.0, "co0221600": 26361983.0, "co0485154": 1655385092.0, "co0461489": 212948178.0, "co0554807": 303590480.0, "co0534411": 2465171205.0, "co0544938": 586616248.0, "co0237670": 1645831039.0, "co0050691": 102522492.0, "co0167540": 25420467.0, "co0640369": 715581221.0, "co0210185": 127186291.0, "co0556043": 682170255.0, "co0581352": 1462767231.0, "co0093039": 1329642931.0, "co0756890": 227091290.0, "co0756889": 227091290.0, "co0349805": 1652661675.0, "co0644898": 254921376.0, "co0318779": 586670748.0, "co0614653": 502277761.0, "co0756879": 392019204.0, "co0609522": 297917497.0, "co0074908": 374964013.0, "co0252368": 9434433560.0, "co0426493": 1828797711.0, "co0140110": 966426904.0, "co0415533": 205637183.0, "co0049799": 10958438716.0, "co0415535": 451746128.0, "co0010281": 5119336613.0, "co0219575": 299235147.0, "co0022792": 1069555887.0, "co0007661": 1241213321.0, "co0003188": 3545484140.0, "co0000756": 12257089992.0, "co0268348": 996096520.0, "co0213843": 351724051.0, "co0499875": 3072783935.0, "co0286055": 122581020.0, "co0427512": 254426871.0, "co0311456": 270495495.0, "co0491641": 150526986.0, "co0883136": 106380000.0, "co0883137": 106380000.0, "co0545474": 285387107.0, "co0883138": 106380000.0, "co0881297": 106380000.0, "co0360787": 1095501461.0, "co0883134": 106380000.0, "co0883135": 106380000.0,