{"test": {"actor": 11111, "director": 22222, "writer": 33333}, "nm6337063": {"actor": 0, "director": 450624192.0, "writer": 451183391.0}, "nm9705689": {"actor": 0, "director": 0, "writer": 451183391.0}, "nm3651439": {"actor": 0, "director": 0, "writer": 451183391.0}, "nm1905770": {"actor": 252917019.55555555, "director": 364762299.6666667, "writer": 436227906.5}, "nm4369372": {"actor": 114776500.0, "director": 0, "writer": 0}, "nm9636805": {"actor": 143682818.2857143, "director": 0, "writer": 0}, "nm3754323": {"actor": 160293037.1, "director": 0, "writer": 0}, "nm0327299": {"actor": 252081019.0, "director": 0, "writer": 0}, "nm7707369": {"actor": 71807099.57142857, "director": NaN, "writer": 0}, "nm6708440": {"actor": 450624192.0, "director": 0, "writer": 0}, "nm1928500": {"actor": 419275286.0, "director": 400018234.6666667, "writer": 327598891.0}, "nm8204143": {"actor": 175546199.33333334, "director": 0, "writer": 0}, "nm10482230": {"actor": 329960996.2, "director": 0, "writer": 0}, "nm2489423": {"actor": 165708465.66666666, "director": 0, "writer": 0}, "nm3431007": {"actor": 102064883.0, "director": 0, "writer": 0}, "nm6174584": {"actor": 155566837.16666666, "director": 0, "writer": 0}, "nm1233222": {"actor": 284780014.0, "director": 0, "writer": 0}, "nm3551187": {"actor": 225669118.0, "director": 0, "writer": 0}, "nm11257022": {"actor": 451183391.0, "director": 0, "writer": 0}, "nm7727800": {"actor": 451183391.0, "director": 0, "writer": 0}, "nm3349625": {"actor": 451183391.0, "director": 0, "writer": 0}, "nm5942003": {"actor": 337840116.75, "director": 0, "writer": 0}, "nm9959186": {"actor": 151954254.66666666, "director": 0, "writer": 0}}